id,col_1,col_2,year_dt,make,model,price
0,abc0,7,2020-01-01,make0,model0,49565.04683624426
1,abc1,7,2020-01-02,make1,model1,15315.301864424715
2,abc2,9,2020-01-03,make2,model2,21315.997173647236
3,abc3,1,2020-01-04,make3,model3,54727.32628636603
4,abc4,9,2020-01-05,make4,model4,37948.76287424919
5,abc5,1,2020-01-06,make5,model5,69152.06352786673
6,abc6,3,2020-01-07,make6,model6,64862.899513775155
7,abc7,6,2020-01-08,make7,model7,58114.05582489466
8,abc8,10,2020-01-09,make8,model8,4535.5836290651805
9,abc9,2,2020-01-10,make9,model9,4238.463943445123
10,abc10,7,2020-01-11,make10,model10,51043.812806366375
11,abc11,4,2020-01-12,make11,model11,63321.88007285484
12,abc12,2,2020-01-13,make12,model12,30361.120655472816
13,abc13,10,2020-01-14,make13,model13,71714.86953888503
14,abc14,7,2020-01-15,make14,model14,8618.669814646097
15,abc15,8,2020-01-16,make15,model15,73627.51864954476
16,abc16,1,2020-01-17,make16,model16,69900.16530647983
17,abc17,5,2020-01-18,make17,model17,71066.33996667566
18,abc18,3,2020-01-19,make18,model18,15810.394628907725
19,abc19,7,2020-01-20,make19,model19,12240.78005810323
20,abc20,9,2020-01-21,make20,model20,71463.31532123819
21,abc21,1,2020-01-22,make21,model21,46870.42843975834
22,abc22,4,2020-01-23,make22,model22,40987.55807509823
23,abc23,10,2020-01-24,make23,model23,25661.700079892704
24,abc24,1,2020-01-25,make24,model24,51722.3823327904
25,abc25,3,2020-01-26,make25,model25,24057.19722777431
26,abc26,3,2020-01-27,make26,model26,15950.564554446137
27,abc27,10,2020-01-28,make27,model27,31565.437486915263
28,abc28,1,2020-01-29,make28,model28,11333.4679230855
29,abc29,1,2020-01-30,make29,model29,42491.755538351164
30,abc30,1,2020-01-31,make30,model30,9529.581108614202
31,abc31,8,2020-02-01,make31,model31,15446.1087458648
32,abc32,1,2020-02-02,make32,model32,48845.57869164342
33,abc33,5,2020-02-03,make33,model33,42428.11719929415
34,abc34,7,2020-02-04,make34,model34,16894.463594498127
35,abc35,7,2020-02-05,make35,model35,71899.64969472619
36,abc36,10,2020-02-06,make36,model36,61580.85071373857
37,abc37,2,2020-02-07,make37,model37,21465.203043455298
38,abc38,8,2020-02-08,make38,model38,21981.514085546096
39,abc39,3,2020-02-09,make39,model39,22084.44048647593
40,abc40,9,2020-02-10,make40,model40,24984.023278627552
41,abc41,3,2020-02-11,make41,model41,38648.27010177102
42,abc42,1,2020-02-12,make42,model42,5398.677631822126
43,abc43,10,2020-02-13,make43,model43,74078.54010853896
44,abc44,6,2020-02-14,make44,model44,45465.679490837785
45,abc45,2,2020-02-15,make45,model45,7984.439791170313
46,abc46,6,2020-02-16,make46,model46,29698.05264234311
47,abc47,2,2020-02-17,make47,model47,40021.64060169335
48,abc48,8,2020-02-18,make48,model48,67738.51364014257
49,abc49,6,2020-02-19,make49,model49,37330.119936208925
50,abc50,8,2020-02-20,make50,model50,67185.78314042932
51,abc51,8,2020-02-21,make51,model51,57736.48014918984
52,abc52,10,2020-02-22,make52,model52,73275.61875806659
53,abc53,3,2020-02-23,make53,model53,62055.624450397365
54,abc54,4,2020-02-24,make54,model54,63272.58427525563
55,abc55,1,2020-02-25,make55,model55,6219.312160519708
56,abc56,5,2020-02-26,make56,model56,58898.98240040924
57,abc57,10,2020-02-27,make57,model57,5108.819395572687
58,abc58,6,2020-02-28,make58,model58,44181.84242261669
59,abc59,7,2020-02-29,make59,model59,6317.387275340365
60,abc60,4,2020-03-01,make60,model60,57589.91632992298
61,abc61,4,2020-03-02,make61,model61,71411.05824197116
62,abc62,8,2020-03-03,make62,model62,9424.57364595158
63,abc63,2,2020-03-04,make63,model63,69952.6993612835
64,abc64,9,2020-03-05,make64,model64,29958.408335621527
65,abc65,9,2020-03-06,make65,model65,14087.595523378706
66,abc66,9,2020-03-07,make66,model66,70413.7212836183
67,abc67,6,2020-03-08,make67,model67,56656.760578648085
68,abc68,3,2020-03-09,make68,model68,37835.612223473254
69,abc69,1,2020-03-10,make69,model69,27547.868099539435
70,abc70,3,2020-03-11,make70,model70,48593.77063203073
71,abc71,4,2020-03-12,make71,model71,65614.8173630494
72,abc72,1,2020-03-13,make72,model72,62322.004038386935
73,abc73,4,2020-03-14,make73,model73,36067.73851749748
74,abc74,1,2020-03-15,make74,model74,27658.577598980595
75,abc75,7,2020-03-16,make75,model75,61324.447048446134
76,abc76,2,2020-03-17,make76,model76,29352.31284340497
77,abc77,6,2020-03-18,make77,model77,47737.6156822637
78,abc78,8,2020-03-19,make78,model78,15622.836811652453
79,abc79,7,2020-03-20,make79,model79,44632.635977347316
80,abc80,7,2020-03-21,make80,model80,43752.986414874234
81,abc81,1,2020-03-22,make81,model81,38142.10612563541
82,abc82,9,2020-03-23,make82,model82,21631.94520289792
83,abc83,1,2020-03-24,make83,model83,40157.57174821476
84,abc84,2,2020-03-25,make84,model84,50784.76106609754
85,abc85,7,2020-03-26,make85,model85,11090.508956643665
86,abc86,4,2020-03-27,make86,model86,58366.43334875441
87,abc87,6,2020-03-28,make87,model87,16567.944066104472
88,abc88,1,2020-03-29,make88,model88,16020.184215478175
89,abc89,4,2020-03-30,make89,model89,72606.07735051938
90,abc90,5,2020-03-31,make90,model90,38212.99397526015
91,abc91,4,2020-04-01,make91,model91,17890.96964979095
92,abc92,3,2020-04-02,make92,model92,72781.36463851348
93,abc93,4,2020-04-03,make93,model93,48779.12331514594
94,abc94,5,2020-04-04,make94,model94,35953.22125501287
95,abc95,5,2020-04-05,make95,model95,31645.655690534684
96,abc96,10,2020-04-06,make96,model96,36363.91735925419
97,abc97,5,2020-04-07,make97,model97,15545.685902439374
98,abc98,8,2020-04-08,make98,model98,40902.899516396785
99,abc99,7,2020-04-09,make99,model99,39484.48078287558
100,abc100,6,2020-04-10,make100,model100,55263.31606245841
101,abc101,4,2020-04-11,make101,model101,30815.815473142735
102,abc102,7,2020-04-12,make102,model102,11007.254351140702
103,abc103,6,2020-04-13,make103,model103,20114.729927639622
104,abc104,2,2020-04-14,make104,model104,71590.51256848422
105,abc105,3,2020-04-15,make105,model105,33503.69312759109
106,abc106,10,2020-04-16,make106,model106,54252.08458418008
107,abc107,10,2020-04-17,make107,model107,57643.40004524127
108,abc108,1,2020-04-18,make108,model108,10712.124063260988
109,abc109,4,2020-04-19,make109,model109,72306.11724385733
110,abc110,10,2020-04-20,make110,model110,18647.147769107403
111,abc111,9,2020-04-21,make111,model111,70619.37797441991
112,abc112,2,2020-04-22,make112,model112,32156.060492801265
113,abc113,1,2020-04-23,make113,model113,63670.39866438728
114,abc114,8,2020-04-24,make114,model114,33390.47214723225
115,abc115,6,2020-04-25,make115,model115,24268.469064951227
116,abc116,1,2020-04-26,make116,model116,62452.07211083003
117,abc117,1,2020-04-27,make117,model117,65986.17884353906
118,abc118,2,2020-04-28,make118,model118,19627.404447646422
119,abc119,7,2020-04-29,make119,model119,40394.97988541504
120,abc120,4,2020-04-30,make120,model120,5648.635913478713
121,abc121,6,2020-05-01,make121,model121,67529.92798835119
122,abc122,9,2020-05-02,make122,model122,45674.791812119445
123,abc123,7,2020-05-03,make123,model123,63333.04124325153
124,abc124,4,2020-05-04,make124,model124,41551.38666756779
125,abc125,5,2020-05-05,make125,model125,32624.434633606088
126,abc126,10,2020-05-06,make126,model126,42003.15041530028
127,abc127,7,2020-05-07,make127,model127,52197.49564192188
128,abc128,3,2020-05-08,make128,model128,44018.02428806273
129,abc129,5,2020-05-09,make129,model129,15785.047092086043
130,abc130,10,2020-05-10,make130,model130,43111.42722051979
131,abc131,5,2020-05-11,make131,model131,60682.036826094074
132,abc132,5,2020-05-12,make132,model132,21734.10178158035
133,abc133,2,2020-05-13,make133,model133,48625.52196385419
134,abc134,9,2020-05-14,make134,model134,34324.34485620567
135,abc135,8,2020-05-15,make135,model135,18160.085656432933
136,abc136,5,2020-05-16,make136,model136,20721.030875206594
137,abc137,3,2020-05-17,make137,model137,5057.047299057929
138,abc138,4,2020-05-18,make138,model138,59428.49415301667
139,abc139,5,2020-05-19,make139,model139,4310.705113285395
140,abc140,8,2020-05-20,make140,model140,26406.96741535172
141,abc141,10,2020-05-21,make141,model141,38190.72690731795
142,abc142,2,2020-05-22,make142,model142,28414.861793378706
143,abc143,8,2020-05-23,make143,model143,33760.182460256576
144,abc144,8,2020-05-24,make144,model144,33933.794780489945
145,abc145,8,2020-05-25,make145,model145,17846.965476210084
146,abc146,4,2020-05-26,make146,model146,14645.192006286936
147,abc147,8,2020-05-27,make147,model147,6315.3530727729
148,abc148,10,2020-05-28,make148,model148,4640.29322443304
149,abc149,3,2020-05-29,make149,model149,50691.36494315566
150,abc150,2,2020-05-30,make150,model150,28658.733799866175
151,abc151,10,2020-05-31,make151,model151,44035.7757109376
152,abc152,6,2020-06-01,make152,model152,13579.648875343086
153,abc153,9,2020-06-02,make153,model153,55419.748172459105
154,abc154,5,2020-06-03,make154,model154,35098.879195544476
155,abc155,9,2020-06-04,make155,model155,28869.423791139994
156,abc156,10,2020-06-05,make156,model156,74210.10698290089
157,abc157,7,2020-06-06,make157,model157,59756.37943944472
158,abc158,2,2020-06-07,make158,model158,61292.9015982103
159,abc159,5,2020-06-08,make159,model159,23636.174825391226
160,abc160,8,2020-06-09,make160,model160,14287.996577843236
161,abc161,10,2020-06-10,make161,model161,7841.422790060635
162,abc162,7,2020-06-11,make162,model162,29514.931929309045
163,abc163,9,2020-06-12,make163,model163,20317.26514494497
164,abc164,4,2020-06-13,make164,model164,4364.011072348266
165,abc165,2,2020-06-14,make165,model165,57713.46360862507
166,abc166,2,2020-06-15,make166,model166,49462.327920166295
167,abc167,2,2020-06-16,make167,model167,5490.476387916148
168,abc168,7,2020-06-17,make168,model168,32419.894194334953
169,abc169,4,2020-06-18,make169,model169,19751.36425877899
170,abc170,8,2020-06-19,make170,model170,55401.40333938249
171,abc171,9,2020-06-20,make171,model171,47099.631450427936
172,abc172,7,2020-06-21,make172,model172,10197.794955623225
173,abc173,8,2020-06-22,make173,model173,26244.576702168633
174,abc174,5,2020-06-23,make174,model174,8861.589311868778
175,abc175,3,2020-06-24,make175,model175,27466.058859167566
176,abc176,7,2020-06-25,make176,model176,37780.801562097324
177,abc177,6,2020-06-26,make177,model177,14305.05753343001
178,abc178,1,2020-06-27,make178,model178,57169.753847176704
179,abc179,4,2020-06-28,make179,model179,45295.74352068287
180,abc180,4,2020-06-29,make180,model180,16733.225100470205
181,abc181,5,2020-06-30,make181,model181,11836.239288189277
182,abc182,4,2020-07-01,make182,model182,4698.571478201993
183,abc183,4,2020-07-02,make183,model183,52105.924059740784
184,abc184,1,2020-07-03,make184,model184,5744.611667949981
185,abc185,4,2020-07-04,make185,model185,25047.95936743512
186,abc186,9,2020-07-05,make186,model186,13875.895688050157
187,abc187,9,2020-07-06,make187,model187,29011.752455822098
188,abc188,4,2020-07-07,make188,model188,53685.58682070044
189,abc189,5,2020-07-08,make189,model189,65102.24030558993
190,abc190,5,2020-07-09,make190,model190,7213.848682934743
191,abc191,7,2020-07-10,make191,model191,54578.14571116953
192,abc192,3,2020-07-11,make192,model192,73823.83430960802
193,abc193,2,2020-07-12,make193,model193,71166.60680709529
194,abc194,4,2020-07-13,make194,model194,11408.186664218916
195,abc195,8,2020-07-14,make195,model195,10344.492544430032
196,abc196,8,2020-07-15,make196,model196,70195.29509228414
197,abc197,7,2020-07-16,make197,model197,49441.080079952924
198,abc198,9,2020-07-17,make198,model198,25800.806439076852
199,abc199,8,2020-07-18,make199,model199,17503.857324515517
200,abc200,9,2020-07-19,make200,model200,14924.735064590024
201,abc201,1,2020-07-20,make201,model201,19235.58124416492
202,abc202,6,2020-07-21,make202,model202,25571.42928303923
203,abc203,4,2020-07-22,make203,model203,18623.952232277203
204,abc204,10,2020-07-23,make204,model204,10902.366807921553
205,abc205,7,2020-07-24,make205,model205,74734.16644593552
206,abc206,2,2020-07-25,make206,model206,37396.64274756811
207,abc207,7,2020-07-26,make207,model207,32646.12671612766
208,abc208,2,2020-07-27,make208,model208,49074.8318500005
209,abc209,5,2020-07-28,make209,model209,26076.358356440665
210,abc210,7,2020-07-29,make210,model210,15359.282285963183
211,abc211,7,2020-07-30,make211,model211,36978.1030352218
212,abc212,2,2020-07-31,make212,model212,22320.94420461834
213,abc213,1,2020-08-01,make213,model213,13109.086965535942
214,abc214,9,2020-08-02,make214,model214,60937.9134335117
215,abc215,3,2020-08-03,make215,model215,15346.094425335077
216,abc216,6,2020-08-04,make216,model216,68405.82109846866
217,abc217,2,2020-08-05,make217,model217,31329.691492045666
218,abc218,4,2020-08-06,make218,model218,42806.144322231696
219,abc219,9,2020-08-07,make219,model219,59662.15144316812
220,abc220,6,2020-08-08,make220,model220,29960.48639396201
221,abc221,5,2020-08-09,make221,model221,58537.94927193393
222,abc222,3,2020-08-10,make222,model222,53518.27596302132
223,abc223,10,2020-08-11,make223,model223,41660.97257742051
224,abc224,5,2020-08-12,make224,model224,56212.67603777289
225,abc225,6,2020-08-13,make225,model225,50663.16923260191
226,abc226,10,2020-08-14,make226,model226,11250.183710028536
227,abc227,2,2020-08-15,make227,model227,48791.41957730957
228,abc228,7,2020-08-16,make228,model228,70711.76789786588
229,abc229,9,2020-08-17,make229,model229,28951.117349166747
230,abc230,2,2020-08-18,make230,model230,10124.711626149983
231,abc231,6,2020-08-19,make231,model231,32577.044839633953
232,abc232,7,2020-08-20,make232,model232,53828.825457111874
233,abc233,10,2020-08-21,make233,model233,42213.85542014415
234,abc234,10,2020-08-22,make234,model234,8276.615749380231
235,abc235,1,2020-08-23,make235,model235,14818.450623186596
236,abc236,5,2020-08-24,make236,model236,8732.78314893824
237,abc237,5,2020-08-25,make237,model237,74882.274527816
238,abc238,3,2020-08-26,make238,model238,7581.499531425259
239,abc239,2,2020-08-27,make239,model239,16938.08305138629
240,abc240,9,2020-08-28,make240,model240,28015.811735907653
241,abc241,3,2020-08-29,make241,model241,67225.20898099168
242,abc242,3,2020-08-30,make242,model242,8024.769198177309
243,abc243,4,2020-08-31,make243,model243,59355.06684726706
244,abc244,4,2020-09-01,make244,model244,10366.238798912811
245,abc245,3,2020-09-02,make245,model245,33128.83189387925
246,abc246,9,2020-09-03,make246,model246,47800.49089324755
247,abc247,9,2020-09-04,make247,model247,26857.117883668172
248,abc248,1,2020-09-05,make248,model248,12762.660699612888
249,abc249,9,2020-09-06,make249,model249,25061.46477890478
250,abc250,6,2020-09-07,make250,model250,53533.15779119064
251,abc251,5,2020-09-08,make251,model251,33947.279550001775
252,abc252,4,2020-09-09,make252,model252,4283.929433847926
253,abc253,6,2020-09-10,make253,model253,48877.67829071617
254,abc254,8,2020-09-11,make254,model254,7328.608642874433
255,abc255,1,2020-09-12,make255,model255,69138.51423459448
256,abc256,7,2020-09-13,make256,model256,38441.40666994047
257,abc257,6,2020-09-14,make257,model257,14719.426593219903
258,abc258,6,2020-09-15,make258,model258,32704.784624801356
259,abc259,8,2020-09-16,make259,model259,67136.63792106151
260,abc260,8,2020-09-17,make260,model260,9886.456679294242
261,abc261,1,2020-09-18,make261,model261,43434.44152069197
262,abc262,3,2020-09-19,make262,model262,46624.336018538284
263,abc263,7,2020-09-20,make263,model263,61143.73357816517
264,abc264,6,2020-09-21,make264,model264,27689.970992749644
265,abc265,1,2020-09-22,make265,model265,13255.728452704872
266,abc266,6,2020-09-23,make266,model266,69732.31722786727
267,abc267,4,2020-09-24,make267,model267,27131.59929494528
268,abc268,3,2020-09-25,make268,model268,70176.79170211322
269,abc269,8,2020-09-26,make269,model269,72884.86814974877
270,abc270,7,2020-09-27,make270,model270,21261.967826033986
271,abc271,5,2020-09-28,make271,model271,54170.55605835989
272,abc272,3,2020-09-29,make272,model272,72813.40315655942
273,abc273,4,2020-09-30,make273,model273,65712.93968402517
274,abc274,6,2020-10-01,make274,model274,6485.995307785913
275,abc275,6,2020-10-02,make275,model275,70037.48971792076
276,abc276,7,2020-10-03,make276,model276,25465.030170062848
277,abc277,2,2020-10-04,make277,model277,11727.790866067156
278,abc278,10,2020-10-05,make278,model278,20107.62843598653
279,abc279,8,2020-10-06,make279,model279,43628.61460286518
280,abc280,1,2020-10-07,make280,model280,63139.478203303996
281,abc281,10,2020-10-08,make281,model281,5825.926873265519
282,abc282,3,2020-10-09,make282,model282,64420.32712808089
283,abc283,3,2020-10-10,make283,model283,71756.61683116447
284,abc284,10,2020-10-11,make284,model284,39299.58361103077
285,abc285,2,2020-10-12,make285,model285,28992.63595324791
286,abc286,10,2020-10-13,make286,model286,5561.080191625342
287,abc287,6,2020-10-14,make287,model287,49355.13783597315
288,abc288,1,2020-10-15,make288,model288,27072.966383216608
289,abc289,7,2020-10-16,make289,model289,61597.96006505618
290,abc290,1,2020-10-17,make290,model290,53289.840028770814
291,abc291,8,2020-10-18,make291,model291,69448.13378961323
292,abc292,8,2020-10-19,make292,model292,64956.37701052196
293,abc293,10,2020-10-20,make293,model293,23377.286557798216
294,abc294,9,2020-10-21,make294,model294,45940.81312058578
295,abc295,3,2020-10-22,make295,model295,54719.31769055541
296,abc296,4,2020-10-23,make296,model296,53583.64855894107
297,abc297,4,2020-10-24,make297,model297,17397.355005857156
298,abc298,5,2020-10-25,make298,model298,63305.351695571786
299,abc299,1,2020-10-26,make299,model299,72738.3848820812
300,abc300,10,2020-10-27,make300,model300,39242.07526199073
301,abc301,6,2020-10-28,make301,model301,54527.95531455561
302,abc302,9,2020-10-29,make302,model302,52803.46641147653
303,abc303,1,2020-10-30,make303,model303,31395.213881633586
304,abc304,7,2020-10-31,make304,model304,54924.02141471041
305,abc305,10,2020-11-01,make305,model305,45205.20283476334
306,abc306,2,2020-11-02,make306,model306,48988.962828912154
307,abc307,1,2020-11-03,make307,model307,54113.01348992085
308,abc308,7,2020-11-04,make308,model308,60921.00686947055
309,abc309,6,2020-11-05,make309,model309,60601.77352823781
310,abc310,2,2020-11-06,make310,model310,46163.74318064847
311,abc311,6,2020-11-07,make311,model311,31246.770949589216
312,abc312,7,2020-11-08,make312,model312,47283.58305910461
313,abc313,3,2020-11-09,make313,model313,69218.93210503692
314,abc314,1,2020-11-10,make314,model314,27104.76112228799
315,abc315,1,2020-11-11,make315,model315,72319.36399467097
316,abc316,10,2020-11-12,make316,model316,35405.08912255326
317,abc317,3,2020-11-13,make317,model317,36817.55722868024
318,abc318,3,2020-11-14,make318,model318,47484.79934621639
319,abc319,7,2020-11-15,make319,model319,27329.169225864312
320,abc320,3,2020-11-16,make320,model320,67060.1350116308
321,abc321,6,2020-11-17,make321,model321,41223.484200419145
322,abc322,8,2020-11-18,make322,model322,16331.925810043465
323,abc323,7,2020-11-19,make323,model323,62842.97562561161
324,abc324,1,2020-11-20,make324,model324,74700.42890203942
325,abc325,1,2020-11-21,make325,model325,39231.91478977592
326,abc326,7,2020-11-22,make326,model326,53983.32907505422
327,abc327,1,2020-11-23,make327,model327,21759.519568965166
328,abc328,10,2020-11-24,make328,model328,38672.91872680736
329,abc329,2,2020-11-25,make329,model329,28589.603509691515
330,abc330,4,2020-11-26,make330,model330,22286.2961574063
331,abc331,4,2020-11-27,make331,model331,6348.140742385894
332,abc332,7,2020-11-28,make332,model332,67169.2541379039
333,abc333,2,2020-11-29,make333,model333,7562.809263685607
334,abc334,3,2020-11-30,make334,model334,50024.56913129926
335,abc335,1,2020-12-01,make335,model335,10593.01932152679
336,abc336,9,2020-12-02,make336,model336,12575.236265551288
337,abc337,5,2020-12-03,make337,model337,9939.166217544702
338,abc338,9,2020-12-04,make338,model338,54790.08138314893
339,abc339,9,2020-12-05,make339,model339,13274.647531779663
340,abc340,10,2020-12-06,make340,model340,27946.739855498883
341,abc341,9,2020-12-07,make341,model341,7281.989623836918
342,abc342,3,2020-12-08,make342,model342,13082.596993256644
343,abc343,3,2020-12-09,make343,model343,22083.18950334304
344,abc344,3,2020-12-10,make344,model344,20809.062545183624
345,abc345,6,2020-12-11,make345,model345,58293.6668796352
346,abc346,10,2020-12-12,make346,model346,55787.2573438802
347,abc347,5,2020-12-13,make347,model347,56284.500558232394
348,abc348,9,2020-12-14,make348,model348,31081.971962271477
349,abc349,10,2020-12-15,make349,model349,56204.79071548569
350,abc350,3,2020-12-16,make350,model350,51890.56040745504
351,abc351,7,2020-12-17,make351,model351,4563.846717994165
352,abc352,2,2020-12-18,make352,model352,65397.63062349055
353,abc353,5,2020-12-19,make353,model353,5735.485424427123
354,abc354,7,2020-12-20,make354,model354,10673.057411176578
355,abc355,9,2020-12-21,make355,model355,7533.622346535915
356,abc356,6,2020-12-22,make356,model356,46751.15050226649
357,abc357,8,2020-12-23,make357,model357,24887.608714548587
358,abc358,3,2020-12-24,make358,model358,30635.274348304913
359,abc359,9,2020-12-25,make359,model359,28300.292198798103
360,abc360,9,2020-12-26,make360,model360,70720.8495133289
361,abc361,10,2020-12-27,make361,model361,47571.639999764615
362,abc362,9,2020-12-28,make362,model362,19658.49324321308
363,abc363,10,2020-12-29,make363,model363,20009.06816496321
364,abc364,8,2020-12-30,make364,model364,42966.82826615945
365,abc365,10,2020-12-31,make365,model365,16922.84296597667
366,abc366,2,2021-01-01,make366,model366,55026.130684956224
367,abc367,1,2021-01-02,make367,model367,9323.772452004381
368,abc368,7,2021-01-03,make368,model368,11571.886163551228
369,abc369,6,2021-01-04,make369,model369,29687.615612018064
370,abc370,8,2021-01-05,make370,model370,18288.853517155076
371,abc371,4,2021-01-06,make371,model371,8647.380668720216
372,abc372,9,2021-01-07,make372,model372,21021.530519905213
373,abc373,2,2021-01-08,make373,model373,26178.54764654178
374,abc374,5,2021-01-09,make374,model374,69921.64440715911
375,abc375,5,2021-01-10,make375,model375,42046.546261684634
376,abc376,2,2021-01-11,make376,model376,71891.8740574874
377,abc377,10,2021-01-12,make377,model377,66269.28616504883
378,abc378,8,2021-01-13,make378,model378,36779.392636322096
379,abc379,8,2021-01-14,make379,model379,28985.32129063388
380,abc380,1,2021-01-15,make380,model380,59492.28949452421
381,abc381,7,2021-01-16,make381,model381,19464.597181061235
382,abc382,7,2021-01-17,make382,model382,69513.21120029138
383,abc383,6,2021-01-18,make383,model383,57537.24871691706
384,abc384,1,2021-01-19,make384,model384,9233.21131455521
385,abc385,10,2021-01-20,make385,model385,20987.5033395357
386,abc386,2,2021-01-21,make386,model386,68336.39412340667
387,abc387,6,2021-01-22,make387,model387,28542.387056033822
388,abc388,6,2021-01-23,make388,model388,35247.51595464949
389,abc389,8,2021-01-24,make389,model389,4422.295558640062
390,abc390,9,2021-01-25,make390,model390,8101.106800866567
391,abc391,3,2021-01-26,make391,model391,43444.104911214556
392,abc392,5,2021-01-27,make392,model392,57958.1436137732
393,abc393,4,2021-01-28,make393,model393,72144.02212931387
394,abc394,1,2021-01-29,make394,model394,37210.09711339889
395,abc395,5,2021-01-30,make395,model395,62699.737343992165
396,abc396,2,2021-01-31,make396,model396,13050.731137395
397,abc397,8,2021-02-01,make397,model397,71303.33729342566
398,abc398,9,2021-02-02,make398,model398,28655.062711226125
399,abc399,4,2021-02-03,make399,model399,42848.39106525126
400,abc400,2,2021-02-04,make400,model400,15975.454688945274
401,abc401,9,2021-02-05,make401,model401,51785.10163895945
402,abc402,10,2021-02-06,make402,model402,37126.61828584064
403,abc403,8,2021-02-07,make403,model403,51592.81082046714
404,abc404,1,2021-02-08,make404,model404,16694.12218549345
405,abc405,8,2021-02-09,make405,model405,68282.11367530425
406,abc406,10,2021-02-10,make406,model406,26097.17375596162
407,abc407,8,2021-02-11,make407,model407,17516.86197847667
408,abc408,5,2021-02-12,make408,model408,35232.81843246559
409,abc409,1,2021-02-13,make409,model409,36802.351389364216
410,abc410,9,2021-02-14,make410,model410,19619.46177332991
411,abc411,6,2021-02-15,make411,model411,45426.3750218881
412,abc412,9,2021-02-16,make412,model412,26499.22177701137
413,abc413,6,2021-02-17,make413,model413,28336.043107723763
414,abc414,4,2021-02-18,make414,model414,53590.77823643031
415,abc415,7,2021-02-19,make415,model415,39845.62916546412
416,abc416,3,2021-02-20,make416,model416,48756.01354247074
417,abc417,10,2021-02-21,make417,model417,31634.878041040032
418,abc418,8,2021-02-22,make418,model418,65736.29347406357
419,abc419,9,2021-02-23,make419,model419,30501.415332093078
420,abc420,7,2021-02-24,make420,model420,16270.288855773708
421,abc421,6,2021-02-25,make421,model421,56244.46912888361
422,abc422,3,2021-02-26,make422,model422,42182.878044077086
423,abc423,9,2021-02-27,make423,model423,42456.2908710572
424,abc424,7,2021-02-28,make424,model424,43685.19644300652
425,abc425,2,2021-03-01,make425,model425,52762.52049836247
426,abc426,5,2021-03-02,make426,model426,59689.57693484587
427,abc427,10,2021-03-03,make427,model427,16205.589928975469
428,abc428,1,2021-03-04,make428,model428,7559.3934897006
429,abc429,10,2021-03-05,make429,model429,26164.937571622264
430,abc430,6,2021-03-06,make430,model430,65785.84167205638
431,abc431,6,2021-03-07,make431,model431,7978.510255299294
432,abc432,1,2021-03-08,make432,model432,53070.25783193607
433,abc433,3,2021-03-09,make433,model433,28777.380837176606
434,abc434,7,2021-03-10,make434,model434,11730.737404601128
435,abc435,2,2021-03-11,make435,model435,74001.59891238829
436,abc436,10,2021-03-12,make436,model436,5442.305216652892
437,abc437,1,2021-03-13,make437,model437,20485.07610384706
438,abc438,5,2021-03-14,make438,model438,18161.29850648326
439,abc439,5,2021-03-15,make439,model439,56586.57171755478
440,abc440,2,2021-03-16,make440,model440,50002.895101796814
441,abc441,9,2021-03-17,make441,model441,45758.11493882119
442,abc442,5,2021-03-18,make442,model442,58205.0136926227
443,abc443,6,2021-03-19,make443,model443,59008.1786116072
444,abc444,10,2021-03-20,make444,model444,25101.91688928888
445,abc445,2,2021-03-21,make445,model445,37086.85380562116
446,abc446,5,2021-03-22,make446,model446,57160.27081476735
447,abc447,2,2021-03-23,make447,model447,30256.013287772217
448,abc448,6,2021-03-24,make448,model448,32035.24262440288
449,abc449,8,2021-03-25,make449,model449,45928.22886495634
450,abc450,8,2021-03-26,make450,model450,48750.239200488824
451,abc451,1,2021-03-27,make451,model451,21949.80993294059
452,abc452,5,2021-03-28,make452,model452,55336.96183044085
453,abc453,1,2021-03-29,make453,model453,43613.19903409731
454,abc454,3,2021-03-30,make454,model454,59504.75094039918
455,abc455,6,2021-03-31,make455,model455,36381.835385729035
456,abc456,8,2021-04-01,make456,model456,52777.3079941023
457,abc457,5,2021-04-02,make457,model457,49244.59644835165
458,abc458,1,2021-04-03,make458,model458,56214.88332252009
459,abc459,1,2021-04-04,make459,model459,59307.23980575674
460,abc460,5,2021-04-05,make460,model460,49569.186307581396
461,abc461,4,2021-04-06,make461,model461,23336.466137719824
462,abc462,4,2021-04-07,make462,model462,34086.284610621864
463,abc463,1,2021-04-08,make463,model463,69953.6108561331
464,abc464,3,2021-04-09,make464,model464,4144.140469770046
465,abc465,6,2021-04-10,make465,model465,10345.815950651693
466,abc466,7,2021-04-11,make466,model466,46827.24179625068
467,abc467,8,2021-04-12,make467,model467,35165.038213581014
468,abc468,9,2021-04-13,make468,model468,41503.94053500101
469,abc469,8,2021-04-14,make469,model469,30787.965117723583
470,abc470,3,2021-04-15,make470,model470,72424.22262466585
471,abc471,5,2021-04-16,make471,model471,40951.12217352374
472,abc472,3,2021-04-17,make472,model472,49664.55640012224
473,abc473,5,2021-04-18,make473,model473,43931.111224434164
474,abc474,3,2021-04-19,make474,model474,73063.66560928864
475,abc475,8,2021-04-20,make475,model475,43780.65837453609
476,abc476,3,2021-04-21,make476,model476,43389.17677207608
477,abc477,7,2021-04-22,make477,model477,9019.270739783113
478,abc478,9,2021-04-23,make478,model478,46702.91389331868
479,abc479,9,2021-04-24,make479,model479,65804.54895795384
480,abc480,7,2021-04-25,make480,model480,37809.82438122646
481,abc481,8,2021-04-26,make481,model481,58580.35103640737
482,abc482,4,2021-04-27,make482,model482,40562.42082795393
483,abc483,8,2021-04-28,make483,model483,59289.78670432031
484,abc484,9,2021-04-29,make484,model484,23158.94096692879
485,abc485,6,2021-04-30,make485,model485,62510.398151839356
486,abc486,8,2021-05-01,make486,model486,21088.40360702577
487,abc487,5,2021-05-02,make487,model487,39878.21504105801
488,abc488,6,2021-05-03,make488,model488,29745.371798848853
489,abc489,3,2021-05-04,make489,model489,30534.176851562923
490,abc490,8,2021-05-05,make490,model490,74651.50682111351
491,abc491,4,2021-05-06,make491,model491,17276.525186881256
492,abc492,1,2021-05-07,make492,model492,44397.32345492899
493,abc493,2,2021-05-08,make493,model493,59335.51100060791
494,abc494,9,2021-05-09,make494,model494,19092.72508449323
495,abc495,10,2021-05-10,make495,model495,21875.433516855566
496,abc496,2,2021-05-11,make496,model496,44311.78595845557
497,abc497,8,2021-05-12,make497,model497,54178.10472095086
498,abc498,9,2021-05-13,make498,model498,60220.76638884209
499,abc499,7,2021-05-14,make499,model499,54493.95143464816
500,abc500,6,2021-05-15,make500,model500,6817.679046909247
501,abc501,6,2021-05-16,make501,model501,43964.72505306297
502,abc502,4,2021-05-17,make502,model502,43406.02497448967
503,abc503,10,2021-05-18,make503,model503,34452.014884033066
504,abc504,6,2021-05-19,make504,model504,17189.85913950004
505,abc505,4,2021-05-20,make505,model505,12752.609717669451
506,abc506,7,2021-05-21,make506,model506,46556.86673934773
507,abc507,2,2021-05-22,make507,model507,40218.00096224504
508,abc508,8,2021-05-23,make508,model508,63812.67929200962
509,abc509,2,2021-05-24,make509,model509,6382.524793142713
510,abc510,3,2021-05-25,make510,model510,12016.73691562504
511,abc511,2,2021-05-26,make511,model511,39993.33362776888
512,abc512,7,2021-05-27,make512,model512,50465.791672442574
513,abc513,1,2021-05-28,make513,model513,66854.09748170484
514,abc514,5,2021-05-29,make514,model514,17603.33209477248
515,abc515,1,2021-05-30,make515,model515,11589.205910319106
516,abc516,9,2021-05-31,make516,model516,63846.06091109042
517,abc517,2,2021-06-01,make517,model517,71772.56390130153
518,abc518,2,2021-06-02,make518,model518,26590.95870468726
519,abc519,5,2021-06-03,make519,model519,44394.72005260171
520,abc520,1,2021-06-04,make520,model520,30645.75398199452
521,abc521,1,2021-06-05,make521,model521,33006.61783445763
522,abc522,6,2021-06-06,make522,model522,39129.3723811439
523,abc523,6,2021-06-07,make523,model523,60790.53965178364
524,abc524,10,2021-06-08,make524,model524,4672.80746353606
525,abc525,3,2021-06-09,make525,model525,70497.16907794717
526,abc526,3,2021-06-10,make526,model526,69476.09623257222
527,abc527,3,2021-06-11,make527,model527,56133.75377547214
528,abc528,2,2021-06-12,make528,model528,54965.80043442425
529,abc529,2,2021-06-13,make529,model529,29054.52679510297
530,abc530,5,2021-06-14,make530,model530,44724.0568486076
531,abc531,8,2021-06-15,make531,model531,32204.07472722823
532,abc532,6,2021-06-16,make532,model532,35811.91242149385
533,abc533,4,2021-06-17,make533,model533,67942.26493860866
534,abc534,3,2021-06-18,make534,model534,31612.71880333395
535,abc535,4,2021-06-19,make535,model535,16133.272175582651
536,abc536,10,2021-06-20,make536,model536,67612.53533260047
537,abc537,8,2021-06-21,make537,model537,64309.59635417579
538,abc538,2,2021-06-22,make538,model538,56481.71470707761
539,abc539,10,2021-06-23,make539,model539,54603.37708118042
540,abc540,2,2021-06-24,make540,model540,70228.87292841826
541,abc541,7,2021-06-25,make541,model541,6216.807219170683
542,abc542,4,2021-06-26,make542,model542,53176.161926855886
543,abc543,1,2021-06-27,make543,model543,42046.85508462934
544,abc544,6,2021-06-28,make544,model544,10905.421009287174
545,abc545,8,2021-06-29,make545,model545,38353.29310563705
546,abc546,5,2021-06-30,make546,model546,5268.705203115275
547,abc547,9,2021-07-01,make547,model547,54393.82455829598
548,abc548,9,2021-07-02,make548,model548,46603.85834081232
549,abc549,2,2021-07-03,make549,model549,69612.4519135788
550,abc550,9,2021-07-04,make550,model550,16818.97119025272
551,abc551,6,2021-07-05,make551,model551,47843.29077829511
552,abc552,6,2021-07-06,make552,model552,56499.95734648453
553,abc553,3,2021-07-07,make553,model553,40096.98784430581
554,abc554,4,2021-07-08,make554,model554,31532.819879921626
555,abc555,8,2021-07-09,make555,model555,50659.54337082906
556,abc556,4,2021-07-10,make556,model556,69623.65134228453
557,abc557,4,2021-07-11,make557,model557,69304.77867184281
558,abc558,8,2021-07-12,make558,model558,16887.696425978855
559,abc559,8,2021-07-13,make559,model559,69597.29887922636
560,abc560,10,2021-07-14,make560,model560,28607.41389994431
561,abc561,4,2021-07-15,make561,model561,62405.06535316909
562,abc562,7,2021-07-16,make562,model562,62689.02374197099
563,abc563,1,2021-07-17,make563,model563,54457.80159663793
564,abc564,6,2021-07-18,make564,model564,49017.29628355006
565,abc565,2,2021-07-19,make565,model565,73974.82111923849
566,abc566,2,2021-07-20,make566,model566,25985.11909917844
567,abc567,6,2021-07-21,make567,model567,27438.57823629601
568,abc568,4,2021-07-22,make568,model568,15228.892683801829
569,abc569,4,2021-07-23,make569,model569,43806.92957927304
570,abc570,2,2021-07-24,make570,model570,30160.93236898057
571,abc571,5,2021-07-25,make571,model571,57093.001661957234
572,abc572,10,2021-07-26,make572,model572,25606.93422530525
573,abc573,1,2021-07-27,make573,model573,60435.13902774193
574,abc574,10,2021-07-28,make574,model574,8698.995680755172
575,abc575,5,2021-07-29,make575,model575,73222.7068440151
576,abc576,6,2021-07-30,make576,model576,67354.169933344
577,abc577,4,2021-07-31,make577,model577,71166.55468237637
578,abc578,8,2021-08-01,make578,model578,66553.07231818403
579,abc579,7,2021-08-02,make579,model579,7534.422314987723
580,abc580,10,2021-08-03,make580,model580,18526.917564375995
581,abc581,5,2021-08-04,make581,model581,33825.750531456324
582,abc582,2,2021-08-05,make582,model582,21201.653849602106
583,abc583,3,2021-08-06,make583,model583,35941.544788461324
584,abc584,10,2021-08-07,make584,model584,55753.69492588667
585,abc585,8,2021-08-08,make585,model585,52866.364782933895
586,abc586,8,2021-08-09,make586,model586,7277.707211714303
587,abc587,7,2021-08-10,make587,model587,25067.02250775889
588,abc588,4,2021-08-11,make588,model588,72109.09547339995
589,abc589,7,2021-08-12,make589,model589,62520.49082009693
590,abc590,5,2021-08-13,make590,model590,51069.88823510964
591,abc591,9,2021-08-14,make591,model591,30563.662388295725
592,abc592,8,2021-08-15,make592,model592,28047.4227016673
593,abc593,4,2021-08-16,make593,model593,39190.07064872998
594,abc594,2,2021-08-17,make594,model594,41652.821971099955
595,abc595,10,2021-08-18,make595,model595,48928.757172234924
596,abc596,6,2021-08-19,make596,model596,15591.171369606222
597,abc597,3,2021-08-20,make597,model597,57198.0643602461
598,abc598,7,2021-08-21,make598,model598,66099.22294307796
599,abc599,1,2021-08-22,make599,model599,57571.512640537054
600,abc600,7,2021-08-23,make600,model600,31552.0385979834
601,abc601,1,2021-08-24,make601,model601,74451.31025682957
602,abc602,6,2021-08-25,make602,model602,8466.288425652341
603,abc603,1,2021-08-26,make603,model603,59209.60872185272
604,abc604,10,2021-08-27,make604,model604,50707.87961419624
605,abc605,1,2021-08-28,make605,model605,53334.557580466695
606,abc606,9,2021-08-29,make606,model606,17069.56478873381
607,abc607,8,2021-08-30,make607,model607,16091.782994204343
608,abc608,3,2021-08-31,make608,model608,56875.443650416135
609,abc609,7,2021-09-01,make609,model609,52475.813919463486
610,abc610,1,2021-09-02,make610,model610,69831.44991188664
611,abc611,6,2021-09-03,make611,model611,26944.5652476317
612,abc612,9,2021-09-04,make612,model612,10781.781230697157
613,abc613,7,2021-09-05,make613,model613,60050.12571421234
614,abc614,9,2021-09-06,make614,model614,56472.6467788205
615,abc615,7,2021-09-07,make615,model615,40159.197978163495
616,abc616,10,2021-09-08,make616,model616,71718.81116722395
617,abc617,6,2021-09-09,make617,model617,50008.740843811516
618,abc618,8,2021-09-10,make618,model618,32644.048035009844
619,abc619,2,2021-09-11,make619,model619,38816.41655124474
620,abc620,3,2021-09-12,make620,model620,69203.0118096946
621,abc621,8,2021-09-13,make621,model621,14740.0234078566
622,abc622,5,2021-09-14,make622,model622,11373.514081670999
623,abc623,6,2021-09-15,make623,model623,40361.144326887916
624,abc624,3,2021-09-16,make624,model624,71898.7824933472
625,abc625,3,2021-09-17,make625,model625,5188.67236870616
626,abc626,4,2021-09-18,make626,model626,34939.05838092274
627,abc627,10,2021-09-19,make627,model627,15027.503291367682
628,abc628,9,2021-09-20,make628,model628,21223.51030910545
629,abc629,10,2021-09-21,make629,model629,15277.421901069374
630,abc630,4,2021-09-22,make630,model630,15711.734313972012
631,abc631,6,2021-09-23,make631,model631,68657.96510653819
632,abc632,6,2021-09-24,make632,model632,61736.05950749238
633,abc633,6,2021-09-25,make633,model633,40301.26196381385
634,abc634,8,2021-09-26,make634,model634,65267.98640816522
635,abc635,4,2021-09-27,make635,model635,29839.749945837877
636,abc636,1,2021-09-28,make636,model636,60589.97992709584
637,abc637,8,2021-09-29,make637,model637,35618.42809799195
638,abc638,2,2021-09-30,make638,model638,20876.97037508176
639,abc639,4,2021-10-01,make639,model639,68755.09902514007
640,abc640,3,2021-10-02,make640,model640,50461.614949032235
641,abc641,4,2021-10-03,make641,model641,37361.25823341834
642,abc642,4,2021-10-04,make642,model642,64266.12601273857
643,abc643,4,2021-10-05,make643,model643,54353.53248822408
644,abc644,9,2021-10-06,make644,model644,13445.120341808259
645,abc645,7,2021-10-07,make645,model645,38339.18750420976
646,abc646,1,2021-10-08,make646,model646,55142.493866826524
647,abc647,5,2021-10-09,make647,model647,39270.6178266427
648,abc648,9,2021-10-10,make648,model648,45930.853238522584
649,abc649,1,2021-10-11,make649,model649,59058.214811635145
650,abc650,6,2021-10-12,make650,model650,44706.24178850052
651,abc651,5,2021-10-13,make651,model651,7841.846852571675
652,abc652,4,2021-10-14,make652,model652,42892.48190396951
653,abc653,3,2021-10-15,make653,model653,54302.001138683736
654,abc654,4,2021-10-16,make654,model654,54493.54543072838
655,abc655,2,2021-10-17,make655,model655,47518.3758983983
656,abc656,2,2021-10-18,make656,model656,15380.353938105594
657,abc657,9,2021-10-19,make657,model657,11095.855866845126
658,abc658,8,2021-10-20,make658,model658,24702.23684573782
659,abc659,2,2021-10-21,make659,model659,61256.13321526766
660,abc660,1,2021-10-22,make660,model660,31622.332802801255
661,abc661,7,2021-10-23,make661,model661,36152.86198652262
662,abc662,8,2021-10-24,make662,model662,5103.564252282755
663,abc663,6,2021-10-25,make663,model663,68798.18260813266
664,abc664,10,2021-10-26,make664,model664,68725.56713631326
665,abc665,8,2021-10-27,make665,model665,20465.26201698581
666,abc666,4,2021-10-28,make666,model666,68233.24211388911
667,abc667,3,2021-10-29,make667,model667,55666.08719617817
668,abc668,8,2021-10-30,make668,model668,72354.8810536386
669,abc669,4,2021-10-31,make669,model669,48078.16568962259
670,abc670,6,2021-11-01,make670,model670,26093.150054569185
671,abc671,2,2021-11-02,make671,model671,24873.29836884399
672,abc672,5,2021-11-03,make672,model672,70323.86438758562
673,abc673,7,2021-11-04,make673,model673,60886.84804462558
674,abc674,4,2021-11-05,make674,model674,56938.387681346
675,abc675,8,2021-11-06,make675,model675,9836.119821201119
676,abc676,8,2021-11-07,make676,model676,44643.55023069752
677,abc677,3,2021-11-08,make677,model677,26599.335136719128
678,abc678,9,2021-11-09,make678,model678,64785.04709860564
679,abc679,10,2021-11-10,make679,model679,70305.4087919042
680,abc680,1,2021-11-11,make680,model680,42437.447432497174
681,abc681,1,2021-11-12,make681,model681,19922.30637012735
682,abc682,5,2021-11-13,make682,model682,67755.14249256978
683,abc683,3,2021-11-14,make683,model683,52957.66235855439
684,abc684,7,2021-11-15,make684,model684,22500.006233186163
685,abc685,8,2021-11-16,make685,model685,20096.20318749219
686,abc686,3,2021-11-17,make686,model686,38434.61429090625
687,abc687,4,2021-11-18,make687,model687,8079.841571812971
688,abc688,2,2021-11-19,make688,model688,58677.6359053415
689,abc689,3,2021-11-20,make689,model689,19107.16206938408
690,abc690,2,2021-11-21,make690,model690,45895.29530626907
691,abc691,10,2021-11-22,make691,model691,73370.65878682796
692,abc692,1,2021-11-23,make692,model692,52821.42930459539
693,abc693,6,2021-11-24,make693,model693,36288.73313558561
694,abc694,1,2021-11-25,make694,model694,12684.020102159551
695,abc695,5,2021-11-26,make695,model695,7960.000853875932
696,abc696,4,2021-11-27,make696,model696,39428.287156650236
697,abc697,7,2021-11-28,make697,model697,52193.632439767636
698,abc698,5,2021-11-29,make698,model698,65126.979307838614
699,abc699,7,2021-11-30,make699,model699,72030.33094932647
700,abc700,3,2021-12-01,make700,model700,72689.69170688197
701,abc701,7,2021-12-02,make701,model701,58337.38965092333
702,abc702,6,2021-12-03,make702,model702,11435.450634948224
703,abc703,4,2021-12-04,make703,model703,18032.97853819863
704,abc704,3,2021-12-05,make704,model704,20728.488284250645
705,abc705,8,2021-12-06,make705,model705,12738.72012597611
706,abc706,6,2021-12-07,make706,model706,55125.775919384294
707,abc707,9,2021-12-08,make707,model707,31641.12867125531
708,abc708,2,2021-12-09,make708,model708,34218.71432328857
709,abc709,5,2021-12-10,make709,model709,70427.4732001681
710,abc710,6,2021-12-11,make710,model710,55430.928403347156
711,abc711,8,2021-12-12,make711,model711,64173.800939519526
712,abc712,9,2021-12-13,make712,model712,62109.52904966739
713,abc713,8,2021-12-14,make713,model713,56595.59723033183
714,abc714,8,2021-12-15,make714,model714,61497.057774488465
715,abc715,3,2021-12-16,make715,model715,69810.34763183902
716,abc716,10,2021-12-17,make716,model716,21563.614831945168
717,abc717,7,2021-12-18,make717,model717,53593.07509842653
718,abc718,10,2021-12-19,make718,model718,37096.11943273572
719,abc719,5,2021-12-20,make719,model719,58633.98103145332
720,abc720,4,2021-12-21,make720,model720,48356.08739487359
721,abc721,9,2021-12-22,make721,model721,23777.59883903767
722,abc722,1,2021-12-23,make722,model722,49908.86436123503
723,abc723,8,2021-12-24,make723,model723,25527.531572556145
724,abc724,5,2021-12-25,make724,model724,8707.742327040218
725,abc725,7,2021-12-26,make725,model725,36761.63761722255
726,abc726,4,2021-12-27,make726,model726,39690.34561362245
727,abc727,6,2021-12-28,make727,model727,58159.24535554955
728,abc728,5,2021-12-29,make728,model728,26896.42771467879
729,abc729,1,2021-12-30,make729,model729,31134.416061339816
730,abc730,10,2021-12-31,make730,model730,9511.39055426695
731,abc731,1,2022-01-01,make731,model731,36156.97061396494
732,abc732,8,2022-01-02,make732,model732,57201.21711769165
733,abc733,9,2022-01-03,make733,model733,8527.193551786948
734,abc734,2,2022-01-04,make734,model734,60913.80532738397
735,abc735,7,2022-01-05,make735,model735,36884.83814561605
736,abc736,4,2022-01-06,make736,model736,72620.49610054058
737,abc737,2,2022-01-07,make737,model737,36453.44274352945
738,abc738,7,2022-01-08,make738,model738,43862.360547879725
739,abc739,3,2022-01-09,make739,model739,72872.89735877496
740,abc740,4,2022-01-10,make740,model740,11383.341539657384
741,abc741,7,2022-01-11,make741,model741,63033.74102757172
742,abc742,9,2022-01-12,make742,model742,19663.103682182034
743,abc743,1,2022-01-13,make743,model743,38378.152862404655
744,abc744,10,2022-01-14,make744,model744,57814.28187284451
745,abc745,7,2022-01-15,make745,model745,68551.93568851097
746,abc746,6,2022-01-16,make746,model746,45846.06834210264
747,abc747,3,2022-01-17,make747,model747,11574.455108747361
748,abc748,2,2022-01-18,make748,model748,30753.62809447588
749,abc749,8,2022-01-19,make749,model749,47614.16069085273
750,abc750,5,2022-01-20,make750,model750,13411.406656615045
751,abc751,4,2022-01-21,make751,model751,25211.94037224962
752,abc752,5,2022-01-22,make752,model752,70890.74925252044
753,abc753,5,2022-01-23,make753,model753,67002.13074949782
754,abc754,6,2022-01-24,make754,model754,31365.385935508584
755,abc755,1,2022-01-25,make755,model755,53288.43260379239
756,abc756,8,2022-01-26,make756,model756,26727.743221924862
757,abc757,3,2022-01-27,make757,model757,17191.296399744137
758,abc758,9,2022-01-28,make758,model758,6837.139737876721
759,abc759,10,2022-01-29,make759,model759,38766.99774998689
760,abc760,5,2022-01-30,make760,model760,60883.90750373219
761,abc761,3,2022-01-31,make761,model761,58984.657608407
762,abc762,1,2022-02-01,make762,model762,43127.54056675201
763,abc763,10,2022-02-02,make763,model763,46891.31216925573
764,abc764,3,2022-02-03,make764,model764,28835.14171039944
765,abc765,10,2022-02-04,make765,model765,7519.124270028859
766,abc766,1,2022-02-05,make766,model766,12725.817600655879
767,abc767,8,2022-02-06,make767,model767,74817.22771306781
768,abc768,3,2022-02-07,make768,model768,36346.23882426932
769,abc769,10,2022-02-08,make769,model769,32353.973598701858
770,abc770,9,2022-02-09,make770,model770,44339.79805394579
771,abc771,8,2022-02-10,make771,model771,42491.255757705294
772,abc772,8,2022-02-11,make772,model772,49507.01600965036
773,abc773,1,2022-02-12,make773,model773,35714.22627137739
774,abc774,2,2022-02-13,make774,model774,44282.39306283989
775,abc775,10,2022-02-14,make775,model775,71941.29659375064
776,abc776,10,2022-02-15,make776,model776,59013.1208592101
777,abc777,10,2022-02-16,make777,model777,41403.46546009263
778,abc778,4,2022-02-17,make778,model778,47323.930375295866
779,abc779,8,2022-02-18,make779,model779,69785.72465571282
780,abc780,5,2022-02-19,make780,model780,35209.45408928208
781,abc781,9,2022-02-20,make781,model781,65532.56847917433
782,abc782,3,2022-02-21,make782,model782,52777.73989666425
783,abc783,6,2022-02-22,make783,model783,12222.829236303087
784,abc784,2,2022-02-23,make784,model784,53929.43185268767
785,abc785,9,2022-02-24,make785,model785,62039.328445873056
786,abc786,2,2022-02-25,make786,model786,11589.431667335008
787,abc787,2,2022-02-26,make787,model787,24724.68199131722
788,abc788,4,2022-02-27,make788,model788,29002.960882269017
789,abc789,3,2022-02-28,make789,model789,40719.38426227436
790,abc790,2,2022-03-01,make790,model790,65109.40820075242
791,abc791,1,2022-03-02,make791,model791,63464.47359818586
792,abc792,10,2022-03-03,make792,model792,46390.47760493908
793,abc793,5,2022-03-04,make793,model793,18118.04328088538
794,abc794,8,2022-03-05,make794,model794,66275.40982314124
795,abc795,9,2022-03-06,make795,model795,71363.10959976641
796,abc796,2,2022-03-07,make796,model796,67882.50474686356
797,abc797,6,2022-03-08,make797,model797,41736.357256521085
798,abc798,5,2022-03-09,make798,model798,51162.569270691005
799,abc799,10,2022-03-10,make799,model799,21632.18730892321
800,abc800,2,2022-03-11,make800,model800,39304.89918741239
801,abc801,7,2022-03-12,make801,model801,11025.630419274534
802,abc802,6,2022-03-13,make802,model802,51352.95131532941
803,abc803,1,2022-03-14,make803,model803,38681.172603767365
804,abc804,10,2022-03-15,make804,model804,18251.781658362328
805,abc805,7,2022-03-16,make805,model805,61264.000129296626
806,abc806,7,2022-03-17,make806,model806,74795.92942292821
807,abc807,10,2022-03-18,make807,model807,12276.913509858707
808,abc808,9,2022-03-19,make808,model808,51671.55655352316
809,abc809,3,2022-03-20,make809,model809,73191.59861985597
810,abc810,9,2022-03-21,make810,model810,41040.71346803487
811,abc811,9,2022-03-22,make811,model811,11394.13887174338
812,abc812,7,2022-03-23,make812,model812,64928.73139236574
813,abc813,1,2022-03-24,make813,model813,33662.29221723217
814,abc814,7,2022-03-25,make814,model814,13769.521135619367
815,abc815,9,2022-03-26,make815,model815,70876.44116171158
816,abc816,2,2022-03-27,make816,model816,61243.4160128977
817,abc817,8,2022-03-28,make817,model817,36050.27135761529
818,abc818,8,2022-03-29,make818,model818,4240.158410633419
819,abc819,1,2022-03-30,make819,model819,47704.04458736615
820,abc820,4,2022-03-31,make820,model820,44014.71596249191
821,abc821,10,2022-04-01,make821,model821,15391.684829391306
822,abc822,2,2022-04-02,make822,model822,71156.02237236394
823,abc823,6,2022-04-03,make823,model823,22727.80088608254
824,abc824,6,2022-04-04,make824,model824,70719.6535271771
825,abc825,6,2022-04-05,make825,model825,51579.31272463268
826,abc826,6,2022-04-06,make826,model826,24321.43256399315
827,abc827,10,2022-04-07,make827,model827,24503.883498800344
828,abc828,2,2022-04-08,make828,model828,8516.42489982146
829,abc829,9,2022-04-09,make829,model829,65389.96944077369
830,abc830,10,2022-04-10,make830,model830,13820.329101677435
831,abc831,6,2022-04-11,make831,model831,64074.10872306325
832,abc832,3,2022-04-12,make832,model832,23636.756712766666
833,abc833,6,2022-04-13,make833,model833,17999.74221707901
834,abc834,5,2022-04-14,make834,model834,48214.39022665316
835,abc835,4,2022-04-15,make835,model835,27221.550186365133
836,abc836,5,2022-04-16,make836,model836,5771.860657141197
837,abc837,5,2022-04-17,make837,model837,5438.495349598148
838,abc838,4,2022-04-18,make838,model838,13433.4680236379
839,abc839,5,2022-04-19,make839,model839,45322.73125364188
840,abc840,7,2022-04-20,make840,model840,28162.34414071152
841,abc841,7,2022-04-21,make841,model841,13715.677815773855
842,abc842,10,2022-04-22,make842,model842,56791.01001595763
843,abc843,9,2022-04-23,make843,model843,69065.50607638116
844,abc844,8,2022-04-24,make844,model844,33154.219804773034
845,abc845,3,2022-04-25,make845,model845,53525.4083879706
846,abc846,1,2022-04-26,make846,model846,29738.207898314686
847,abc847,2,2022-04-27,make847,model847,17727.044416998084
848,abc848,4,2022-04-28,make848,model848,23564.367248832034
849,abc849,1,2022-04-29,make849,model849,35728.0349773021
850,abc850,8,2022-04-30,make850,model850,44370.38977458417
851,abc851,7,2022-05-01,make851,model851,26647.54573343443
852,abc852,3,2022-05-02,make852,model852,23386.72900539556
853,abc853,1,2022-05-03,make853,model853,51495.38552580321
854,abc854,1,2022-05-04,make854,model854,27536.28209076143
855,abc855,10,2022-05-05,make855,model855,23712.868665488724
856,abc856,9,2022-05-06,make856,model856,20540.172162082457
857,abc857,5,2022-05-07,make857,model857,69473.17340759792
858,abc858,9,2022-05-08,make858,model858,56161.10065010237
859,abc859,1,2022-05-09,make859,model859,7491.249375879957
860,abc860,6,2022-05-10,make860,model860,43497.662117903295
861,abc861,2,2022-05-11,make861,model861,31722.180079906502
862,abc862,3,2022-05-12,make862,model862,5076.57565711414
863,abc863,2,2022-05-13,make863,model863,46962.40089652248
864,abc864,3,2022-05-14,make864,model864,6607.738856368063
865,abc865,1,2022-05-15,make865,model865,59843.437233620585
866,abc866,2,2022-05-16,make866,model866,31875.544334504404
867,abc867,2,2022-05-17,make867,model867,28284.578841104783
868,abc868,4,2022-05-18,make868,model868,34851.858472061656
869,abc869,5,2022-05-19,make869,model869,31694.014382844576
870,abc870,10,2022-05-20,make870,model870,37512.659609403614
871,abc871,8,2022-05-21,make871,model871,15701.203070487061
872,abc872,9,2022-05-22,make872,model872,5123.930910538871
873,abc873,4,2022-05-23,make873,model873,46456.27533204915
874,abc874,10,2022-05-24,make874,model874,53333.17679330435
875,abc875,1,2022-05-25,make875,model875,34252.97020139264
876,abc876,6,2022-05-26,make876,model876,4933.093170917893
877,abc877,7,2022-05-27,make877,model877,5493.618930127239
878,abc878,3,2022-05-28,make878,model878,44892.98861545323
879,abc879,9,2022-05-29,make879,model879,8136.27450264416
880,abc880,6,2022-05-30,make880,model880,7395.482565052434
881,abc881,8,2022-05-31,make881,model881,12604.134879631405
882,abc882,1,2022-06-01,make882,model882,41107.37252474525
883,abc883,6,2022-06-02,make883,model883,33132.56951444831
884,abc884,1,2022-06-03,make884,model884,34530.17162646765
885,abc885,2,2022-06-04,make885,model885,67400.64035010917
886,abc886,2,2022-06-05,make886,model886,63386.86425783889
887,abc887,4,2022-06-06,make887,model887,11711.059000929898
888,abc888,4,2022-06-07,make888,model888,28151.589140412085
889,abc889,1,2022-06-08,make889,model889,8292.960216784519
890,abc890,2,2022-06-09,make890,model890,20402.606314747278
891,abc891,10,2022-06-10,make891,model891,52383.32679174738
892,abc892,4,2022-06-11,make892,model892,59829.47331172593
893,abc893,9,2022-06-12,make893,model893,61403.72358312258
894,abc894,6,2022-06-13,make894,model894,4355.5179311034835
895,abc895,10,2022-06-14,make895,model895,58049.90871030957
896,abc896,8,2022-06-15,make896,model896,23933.833152946157
897,abc897,3,2022-06-16,make897,model897,37979.57100435153
898,abc898,10,2022-06-17,make898,model898,73193.04367674985
899,abc899,3,2022-06-18,make899,model899,69286.52454222311
900,abc900,8,2022-06-19,make900,model900,20420.273832475963
901,abc901,6,2022-06-20,make901,model901,57945.26636054742
902,abc902,7,2022-06-21,make902,model902,72173.08022652597
903,abc903,8,2022-06-22,make903,model903,20732.465469388066
904,abc904,10,2022-06-23,make904,model904,48928.39243922635
905,abc905,9,2022-06-24,make905,model905,12932.890074870313
906,abc906,4,2022-06-25,make906,model906,35266.18464437354
907,abc907,1,2022-06-26,make907,model907,49086.10113550385
908,abc908,6,2022-06-27,make908,model908,5482.788729382016
909,abc909,6,2022-06-28,make909,model909,12631.669336825993
910,abc910,1,2022-06-29,make910,model910,40670.375013209006
911,abc911,8,2022-06-30,make911,model911,34756.851069674754
912,abc912,10,2022-07-01,make912,model912,32455.233944678974
913,abc913,5,2022-07-02,make913,model913,49911.0472287164
914,abc914,4,2022-07-03,make914,model914,18932.188200642242
915,abc915,9,2022-07-04,make915,model915,40661.1236467682
916,abc916,9,2022-07-05,make916,model916,16762.263629802714
917,abc917,6,2022-07-06,make917,model917,13997.972916221397
918,abc918,5,2022-07-07,make918,model918,5258.827471412767
919,abc919,3,2022-07-08,make919,model919,68706.1767345616
920,abc920,2,2022-07-09,make920,model920,47132.26035963262
921,abc921,9,2022-07-10,make921,model921,56117.68168078675
922,abc922,5,2022-07-11,make922,model922,64875.104508871904
923,abc923,7,2022-07-12,make923,model923,50350.39489571254
924,abc924,6,2022-07-13,make924,model924,41175.757784912326
925,abc925,2,2022-07-14,make925,model925,43470.50776424273
926,abc926,9,2022-07-15,make926,model926,55865.429647661134
927,abc927,1,2022-07-16,make927,model927,70898.26301712691
928,abc928,9,2022-07-17,make928,model928,10246.245453315612
929,abc929,7,2022-07-18,make929,model929,39171.56758106151
930,abc930,6,2022-07-19,make930,model930,57038.66635788795
931,abc931,2,2022-07-20,make931,model931,62002.97251729715
932,abc932,7,2022-07-21,make932,model932,71724.66621851888
933,abc933,8,2022-07-22,make933,model933,19689.44806779286
934,abc934,7,2022-07-23,make934,model934,20994.197191710206
935,abc935,1,2022-07-24,make935,model935,11820.692023285566
936,abc936,7,2022-07-25,make936,model936,19477.74333934258
937,abc937,6,2022-07-26,make937,model937,39643.85235032882
938,abc938,8,2022-07-27,make938,model938,54265.98023405584
939,abc939,5,2022-07-28,make939,model939,38331.00108452839
940,abc940,8,2022-07-29,make940,model940,5298.354176988704
941,abc941,8,2022-07-30,make941,model941,36978.77722203613
942,abc942,3,2022-07-31,make942,model942,61777.484167928524
943,abc943,1,2022-08-01,make943,model943,44176.21669402097
944,abc944,1,2022-08-02,make944,model944,26879.003423111833
945,abc945,2,2022-08-03,make945,model945,47397.5958150724
946,abc946,4,2022-08-04,make946,model946,10580.649597999067
947,abc947,5,2022-08-05,make947,model947,72798.70227197556
948,abc948,5,2022-08-06,make948,model948,51093.539096318214
949,abc949,3,2022-08-07,make949,model949,46000.655507464515
950,abc950,3,2022-08-08,make950,model950,64135.22635652446
951,abc951,8,2022-08-09,make951,model951,35935.74870663479
952,abc952,9,2022-08-10,make952,model952,52629.76429749829
953,abc953,8,2022-08-11,make953,model953,7534.0539693918845
954,abc954,4,2022-08-12,make954,model954,50327.097422452694
955,abc955,9,2022-08-13,make955,model955,25641.136350665754
956,abc956,5,2022-08-14,make956,model956,65572.9619752015
957,abc957,10,2022-08-15,make957,model957,51242.0829759226
958,abc958,5,2022-08-16,make958,model958,15997.029207488393
959,abc959,6,2022-08-17,make959,model959,12235.815490678106
960,abc960,1,2022-08-18,make960,model960,63072.21530689166
961,abc961,3,2022-08-19,make961,model961,6040.224773166626
962,abc962,10,2022-08-20,make962,model962,57507.1279695116
963,abc963,4,2022-08-21,make963,model963,73876.7808731171
964,abc964,2,2022-08-22,make964,model964,39506.780755482316
965,abc965,1,2022-08-23,make965,model965,15595.832257958937
966,abc966,9,2022-08-24,make966,model966,48863.49978925895
967,abc967,5,2022-08-25,make967,model967,8099.183947211026
968,abc968,9,2022-08-26,make968,model968,38293.417506173355
969,abc969,4,2022-08-27,make969,model969,30820.296438131834
970,abc970,1,2022-08-28,make970,model970,65205.9784728875
971,abc971,9,2022-08-29,make971,model971,23895.40271878747
972,abc972,5,2022-08-30,make972,model972,25893.40323813646
973,abc973,6,2022-08-31,make973,model973,36536.71808243665
974,abc974,5,2022-09-01,make974,model974,72257.36911854045
975,abc975,8,2022-09-02,make975,model975,6889.668456619255
976,abc976,6,2022-09-03,make976,model976,18282.328576514337
977,abc977,7,2022-09-04,make977,model977,10039.275341018196
978,abc978,5,2022-09-05,make978,model978,27590.644369075086
979,abc979,2,2022-09-06,make979,model979,55818.1949879593
980,abc980,4,2022-09-07,make980,model980,50465.08319284749
981,abc981,9,2022-09-08,make981,model981,20751.613197786857
982,abc982,1,2022-09-09,make982,model982,15859.938955072455
983,abc983,5,2022-09-10,make983,model983,65148.99698145774
984,abc984,3,2022-09-11,make984,model984,36038.379610291275
985,abc985,8,2022-09-12,make985,model985,48180.18347495509
986,abc986,1,2022-09-13,make986,model986,50202.18349633742
987,abc987,2,2022-09-14,make987,model987,67456.53436712705
988,abc988,9,2022-09-15,make988,model988,70534.52637837171
989,abc989,4,2022-09-16,make989,model989,41543.637320874564
990,abc990,8,2022-09-17,make990,model990,73728.85087427753
991,abc991,9,2022-09-18,make991,model991,12264.440848524553
992,abc992,5,2022-09-19,make992,model992,49257.80612406666
993,abc993,3,2022-09-20,make993,model993,74793.86909285044
994,abc994,8,2022-09-21,make994,model994,12512.908212366703
995,abc995,10,2022-09-22,make995,model995,72529.78163840667
996,abc996,6,2022-09-23,make996,model996,62202.61062726635
997,abc997,5,2022-09-24,make997,model997,5319.5169460888965
998,abc998,8,2022-09-25,make998,model998,22228.928186156627
999,abc999,3,2022-09-26,make999,model999,10111.413858379357
